{
    "checkpoint_filename": "/mnt/data/jemmons/nnfc/results/cifar10/resnet18EH4_trainslowest/checkpoint-epoch00105.h5",
    "network_name": "resnet18EH4",
    "timing": {
        "count": 32,
        "mean": 0.0290697804384763,
        "median": 0.0290697804384763,
        "std": 0.0025946303517038927
    },
    "validation_loss": 11.997434735298157,
    "validation_mean_size": 193.2383,
    "validation_median_size": 192.0,
    "validation_top1": 0.8898
}